No.,英単語,日本語訳,
1,universal,普遍的な,stage1
2,climate,気候,stage1
3,incredible,信じられない,stage1
4,wear,～を身につけている,stage1
5,describe,～がどのようなものか説明する,stage1
6,"concentrate,on",～に集中する,stage1
7,brief,短い,stage1
8,fold,～を折りたたむ,stage1
9,deliver,～を届ける,stage1
10,remark,発言,stage1
11,consider,～を考慮する,stage1
12,exactly,正確に,stage1
13,"last,（動詞）",続く,stage1
14,attitude,態度,stage1
15,"enable,O,to,V",OがVするのを可能にする,stage1
16,suppose,～と思う,stage1
17,rarely,めったに～ない,stage1
18,"fire,（動詞）",～をクビにする,stage1
19,wealty,裕福な,stage1
20,false,偽の,stage1
21,expect,～と思う,stage1
22,"exchange,A,for,B",AをBと交換する,stage1
23,warn,～に警告する,stage1
24,pleasure,喜び,stage1
25,bill,請求書,stage1
26,flat,平らな,stage1
27,flatter,～をおだてる,stage1
28,vacant,使用されていない,stage1
29,occupy,を占める,stage1
30,exist,存在する,stage1
31,"insist,on",～と言い張る,stage1
32,resist,～に抵抗する,stage1
33,"A,require,B",AにはBが必要だ,stage1
34,capable,力がある,stage1
35,"reply,to",～に返事する,stage1
36,complicated,複雑な,stage1
37,advance,前進,stage1
38,claim,～を要求する,stage1
39,common,共通の,stage1
40,bully,～をいじめる,stage1
41,"borrow,A,from,B",BからAを無償で借りる,stage1
42,owe,～を借りている,stage1
43,deny,～を否定する,stage1
44,awake,目を覚まして,stage1
45,increase,増加する,stage1
46,gradually,徐々に,stage1
47,solve,～を解決する,stage1
48,origin,起源,stage1
49,organization,組織,stage1
50,"force,O,to,V",OにVすることを強制する,stage1
51,plain,明白な、飾り気のない,stage1
52,"explain,A,to,B",BにAを説明する,stage1
53,amaze,～を驚かせる,stage1
54,mention,～について言及する,stage1
55,guess,～を推測する,stage1
56,prove,～を証明する,stage1
57,improve,～を良くする、良くなる,stage1
58,settle,"（紛争、対立）を解決する,定住する",stage1
59,rob,～を奪う,stage1
60,"deprive,A,of,B",AからBをはく奪する,stage1
61,argue,"言い争う,(+,that,SV)～と主張する",stage1
62,room,余地,stage1
63,shortage,不足,stage1
64,expand,膨張する,stage1
65,seek,～を探し求める,stage1
66,forgive,～を容赦する,stage1
67,physical,物理的な、肉体の,stage1
68,"allow,O,to,V",OがVするのを許す,stage1
69,recognize,～を認識する,stage1
70,ancient,古代の,stage1
71,accept,～を受け入れる,stage1
72,injure,～を傷つける、～を痛める,stage1
73,purchase,～を購入する、購入,stage1
74,"remind,A,of,B",AにBを思い出される,stage1
75,efficient,無駄がない,stage1
76,account,（出来事や過程の）説明,stage1
77,invent,～を発明する,stage1
78,prevent,～を予防する,stage1
79,resign,辞職する,stage1
80,predict,～を予測する,stage1
81,indicate,～を示している,stage1
82,raise,～を上げる,stage1
83,temper,気分,stage1
84,amount,量,stage1
85,means,手段,stage1
86,"compare,A,with,B",AとBを比べる,stage1
87,present,"出席している,存在している",stage1
88,export,～を輸出する,stage1
89,opportunity,好機,stage1
90,transportation,輸送,stage1
91,impress,～に強い印象を与える,stage1
92,express,（意見、感情）を表現する,stage1
93,economical,"経済的な,安上がりな",stage1
94,community,社会、共同体,stage1
95,society,社会,stage1
96,devide,～を分割する,stage1
97,individual,個人、個体,stage1
98,properly,きちんと,stage1
99,appropriate,（状況に応じて）適切な,stage1
100,baggage,（旅行用の）荷物,stage1
101,creature,（植物以外の）生き物,stage1
102,possibly,ことによると,stage1
103,"associate,A,with,B",AとBを結びつける,stage1
104,"depend,on",〜に頼る,stage1
105,independent,"独立した,自立した",stage1
106,realize,"〜を実現化する,〜が分かる",stage1
107,memorize,（単語、歌、数字など）を暗記する,stage1
108,agriculture,農業,stage1
109,fare,運賃,stage1
110,custom,"（社会の）慣習,習慣",stage1
111,"be,accustomed,to",〜に慣れる,stage1
112,estimate,〜と推定する,stage1
113,role,役割,stage1
114,establish,〜を確立する,stage1
115,regret,〜を後悔している,stage1
116,flood,洪水,stage1
117,"regard,A,as,B",AをBとみなす,stage1
118,reward,"報酬,褒美",stage1
119,"in,~,respect",〜の点で,stage1
120,punish,〜を罰する,stage1
121,spread,〜を一面に広げる,stage1
122,"inform,A,of,B",AにBを伝える,stage1
123,source,源,stage1
124,offer,〜を申し出る,stage1
125,nervous,"あがっている,神経の",stage1
126,scare,〜を怖がらせる,stage1
127,"prefer,A,to,B",BよりもAを好む,stage1
128,suffer,"苦しんでいる,（嫌なこと）を経験する",stage1
129,artificial,人工の,stage1
130,superficial,表面的な,stage1
131,sufficient,十分な,stage1
132,significant,"意義のある,重要な",stage1
133,assign,（仕事や義務など）を割り当てる,stage1
134,issue,"（社会的）問題,を発行する",stage1
135,"complain,about",の文句を言う,stage1
136,criticize,"を批判する,を非難する",stage1
137,demand,を要求する,stage1
138,"blame,A,for,B",Bの責任はAにあるとする,stage1
139,"accuse,A,of,B",BでAを非難する,stage1
140,recommend,を推薦する,stage1
141,"tend,to,V",Vする傾向にある,stage1
142,pretend,のふりをする,stage1
143,attend,に出席する,stage1
144,extend,"を拡張する,を延ばす",stage1
145,convey,（考え、感情など）を伝える,stage1
146,previous,前の,stage1
147,despite,にもかかわらず,stage1
148,complete,（特に時間を要するもの）を完成する,stage1
149,accomplish,（努力や忍耐によって、目的、仕事など）を達成する,stage1
150,"provide,A,with,B",AにBを提供する,stage1
151,"supply,A,with,B",AにBを提供する,stage1
152,circumstance,事情,stage1
153,substance,（基本となる）物質,stage1
154,behave,振る舞う,stage1
155,publish,"を公にする,を出版する",stage1
156,aggressive,攻撃的な,stage1
157,"persuade,O,to,V",OにVするよう説得する,stage1
158,appear,"現れる,の入場、入学を許可する",stage1
159,admit,（自分にとって不利なこと）をしぶしぶ認める,stage1
160,permit,（公的機関などが）〜に、〜を許可する,stage1
161,afford,（canを伴い）〜する余裕がある,stage1
162,eventually,最終的に,stage1
163,remove,を取り除く,stage1
164,motive,動機,stage1
165,feed,に食べ物を与える,stage1
166,operate,を操作する,stage1
167,branch,"支店,（学問の）分野",stage1
168,product,製品,stage1
169,reduce,を減らす,stage1
170,treat,"（副詞を伴い）〜を扱う,を治療する",stage1
171,cure,（病気、病人など）を（完全に）治す,stage1
172,accurate,（データ、機械などが）正確な,stage1
173,curious,"好奇心の強い,奇妙な",stage1
174,secure,"安全な,を確保する",stage1
175,impulse,衝動,stage1
176,arise,（問題、誤解などが）生じる,stage1
177,praise,を褒める,stage1
178,scold,（特に子ども）を叱る,stage1
179,"apologize,to,人,for,理由",（人）に（理由）を謝罪する,stage1
180,pour,を注ぐ,stage1
181,wisdom,知恵,stage1
182,handle,（難題、文句など）を扱う,stage1
183,major,（他と比べて）大きい,stage1
184,confuse,を混乱させる,stage1
185,refuse,を断る,stage1
186,courage,勇気,stage1
187,encourage,を勇気づける,stage1
188,cheer,を応援する,stage1
189,occasion,場合,stage1
190,casual,さりげない,stage1
191,moderate,（数量、価格、程度が）適度の,stage1
192,responsible,責任がある,stage1
193,notice,に気がついている,stage1
194,notion,考え,stage1
195,order,"順序,秩序",stage1
196,ordinary,平凡な,stage1
197,count,"（を）数える,,重要である",stage1
198,evil,"邪悪な,悪い",stage1
199,bow,お辞儀する,stage1
200,load,（大量の）荷物,stage1
201,manner,流儀,stage1
202,nod,うなずく,stage1
203,appetite,食欲,stage2
204,compete,競争する,stage2
205,competent,（専門的な技術を備え）有能な,stage2
206,punctual,時間厳守の,stage2
207,"derive,A,from,B",BからAを引き出す,stage2
208,register,を登録する,stage2
209,environment,環境,stage2
210,pollute,を汚染する,stage2
211,labor,（肉体的な）労働,stage2
212,elaborate,入念な,stage2
213,manuscript,原稿,stage2
214,surface,表面,stage2
215,survive,"生き残る,を乗り越え生き残る",stage2
216,"be,likely,to",する可能性がある,stage2
217,"object,to",に反対する,stage2
218,reject,を断る,stage2
219,anxious,心配な,stage2
220,objective,"客観的な,（政治的）目的",stage2
221,surround,を囲む,stage2
222,"rely,on",を信頼する,stage2
223,religion,宗教,stage2
224,emotion,（強い）感情,stage2
225,rapidly,急速に,stage2
226,somehow,なんらかの方法で,stage2
227,annoy,を苛立たせる,stage2
228,practical,"実践的な,現実的な",stage2
229,devise,（新しい方法、装置）を考案する,stage2
230,evidence,証拠,stage2
231,perceive,"をとらえる,を認識する",stage2
232,deceive,をだます,stage2
233,temporary,一時的な,stage2
234,contemporary,"同時代の,現代の",stage2
235,glance,ちらっと見る,stage2
236,"be,aware,of",に気がついている,stage2
237,particular,ある特定の,stage2
238,whisper,ささやく,stage2
239,wander,さまよう,stage2
240,develop,発達する,stage2
241,offend,の気分を害する,stage2
242,similar,似ている,stage2
243,simultaneous,同時の,stage2
244,ideal,"理想の,理想",stage2
245,influence,"に（間接的）影響を及ぼす,影響",stage2
246,fluent,流れるような,stage2
247,besides,その上,stage2
248,accompany,に同伴する,stage2
249,literature,"文学,文献",stage2
250,intellectual,知的な,stage2
251,trust,を信頼する,stage2
252,embarrass,を当惑させる,stage2
253,"be,ashamed,of",を恥じている,stage2
254,harm,害,stage2
255,insurance,保険,stage2
256,effect,"（具体的な）影響,効果",stage2
257,affect,に（直接的な）影響を及ぼす,stage2
258,affection,（穏やかな）愛情,stage2
259,legend,伝説,stage2
260,"contribute,A,to,B",AをBに与える,stage2
261,distribute,を分配する,stage2
262,"attribute,A,to,B",Aの原因をBに押しつける,stage2
263,voluntary,自発的な,stage2
264,vote,"投票する,投票",stage2
265,"devote,A,to,B",AをBに捧げる,stage2
266,mature,"（判断などが）成熟した,（身体が）成長した",stage2
267,decade,１０年間,stage2
268,tribe,部族,stage2
269,trivial,とるに足らない,stage2
270,via~,〜経由で,stage2
271,obvious,明白な,stage2
272,bother,に迷惑をかける,stage2
273,disturb,"を邪魔する,を乱す",stage2
274,suburb,郊外,stage2
275,grasp,"をつかむ,を理解する",stage2
276,seize,（力や機械など）をつかむ,stage2
277,"relate,A,to,B",AをBに関連づける,stage2
278,relationship,（個人と個人の）関係,stage2
279,engage,（人の想像力、好奇心など）をつかんで放さない,stage2
280,burden,負担,stage2
281,value,価値,stage2
282,luxury,贅沢,stage2
283,fortune,"大金,運",stage2
284,verbal,言葉による,stage2
285,characteristic,（個々の）特徴,stage2
286,character,"（全体的な）特徴,（道徳的な意味での）人格",stage2
287,imitate,を真似る,stage2
288,doubtful,疑わしい,stage2
289,suspect,ではないかと疑う,stage2
290,aspect,（一つの）味方,stage2
291,spectator,（催し物、特にスポーツの）観客,stage2
292,audience,（芝居、講演、映画などの）観客（全体）,stage2
293,term,言葉,stage2
294,determine,（ある事柄がある事柄）を決める,stage2
295,phenomenon,現象,stage2
296,tissue,（細胞などの）組織,stage2
297,vary,様々だ,stage2
298,admire,"を高く評価する,を賞賛する",stage2
299,absorb,を吸収する,stage2
300,experiment,実験,stage2
301,elderly,年配の,stage2
302,fairly,"公平に,かなり",stage2
303,familiar,なじみがある,stage2
304,recall,（誰かに伝えるためなどで、意図的に）を思い出す,stage2
305,biography,伝記,stage2
306,fascinate,を魅了する,stage2
307,precious,貴重な,stage2
308,appreciate,（良いものを良いと）を評価する,stage2
309,"congratulate,A,on,B",BのことでAを祝福する,stage2
310,celebrate,（事柄）を祝う,stage2
311,"refer,to",について言及する.を示す,stage2
312,infer,を推測する,stage2
313,fertile,肥沃な,stage2
314,conference,会議,stage2
315,cruel,残酷な,stage2
316,quantity,量,stage2
317,qualification,資格,stage2
318,"consist,of",から成る,stage2
319,confidence,自信,stage2
320,apply,を貼り付ける,stage2
321,imply,（暗に）を意味する,stage2
322,harvest,収穫,stage2
323,affair,（出来事や活動などの漠然とした）事柄,stage2
324,faculty,"能力,,（大学の）教員",stage2
325,infect,を感染させる,stage2
326,defect,（製品や、法律、制度などの）欠陥,stage2
327,obey,（上司、命令など）に従う,stage2
328,summarize,を要約する,stage2
329,manufacture,を製造する,stage2
330,facility,施設,stage2
331,immigrant,（入国側から見た）移民,stage2
332,humanity,人間（全般）,stage2
333,mayor,市長,stage2
334,otherwise,"さもないと,他の方法で・点で",stage2
335,assume,"（根拠もないのに）と仮定する,と思い込む",stage2
336,consume,（燃料、贅沢品）を消費する,stage2
337,patience,忍耐,stage2
338,occur,（問題、間違い、現象などが）生じる,stage2
339,current,今の,stage2
340,relative,"親族,相対的な",stage2
341,waste,"を浪費する,浪費",stage2
342,utilize,を利用する,stage2
343,positive,プラスの,stage2
344,attract,を引きつける,stage2
345,trace,"（わかりにくいもの）をたどる,（非常に判別しにくい微かな）跡",stage2
346,abstract,抽象的な,stage2
347,guarantee,"保証,を保障する",stage2
348,passive,"受動的な,消費的な",stage2
349,passion,情熱,stage2
350,emerge,現れる,stage2
351,emergency,緊急,stage2
352,challenge,（やりがいのある）難題,stage2
353,represent,"を表す,を代表する",stage2
354,decline,減少する,stage2
355,"incline,O,to,V",OにVしたい気にさせる,stage2
356,pronounce,を発音する,stage2
357,utter,（叫び声、言葉、ため息など）を発する,stage2
358,random,"でたらめな,無作為の",stage2
359,observe,"を観察する,を遵守する",stage2
360,deserve,に値する,stage2
361,prejudice,（民族、宗教などに対する）偏見,stage2
362,bias,（人やモノに対する）偏見,stage2
363,adapt,を適合させる,stage2
364,sympathy,"同情,共感",stage2
365,replace,に取って代わる,stage2
366,equipment,"設備,用品",stage2
367,"identify,A,with,B","AがBと同じだと確認する,を特定する",stage2
368,reasonable,ちょうどいい,stage2
369,acquire,を身につける,stage2
370,reveal,"を暴露する,を明らかにする",stage2
371,conceal,（注意深く、意図的に）を隠す,stage2
372,frequently,頻繁に,stage2
373,imaginative,想像力に富んだ,stage2
374,sensitive,繊細な,stage2
375,interfere,干渉する,stage2
376,alter,を変える,stage2
377,alternative,"代わりもの,（似たものの中から）他の",stage2
378,attempt,を試みる,stage2
379,tempt,を誘惑する,stage2
380,disaster,"災害,大失敗",stage2
381,strict,（規則、教師などが）厳しい,stage2
382,district,地区,stage2
383,region,地方,stage2
384,sphere,"球体,領域",stage2
385,atmosphere,"大気,部屋の空気（雰囲気）",stage2
386,hemisphere,半球,stage2
387,vivid,鮮明な,stage2
388,genuine,正真正銘の,stage2
389,pedestrian,（車に対しての）歩行者,stage2
390,visible,目に見える,stage2
391,scholarship,奨学金,stage2
392,welfare,福祉,stage2
393,profit,利益,stage2
394,benefit,"に利益を与える,恩恵",stage2
395,expense,"出費,経費",stage2
396,pension,年金,stage2
397,spend,（お金や時間）を費やす,stage2
398,psychology,心理学,stage2
399,range,（種類、数量などの）範囲,stage2
400,arrange,の手はずを整える,stage2
401,irritate,（繰り返される動作で）をイライラさせる,stage2
402,territory,領土,stage2
403,arrest,を逮捕する,stage2
404,restless,（不安や退屈のために）落ち着かない,stage2
405,reflect,"を反射する,（on~）熟考する",stage3
406,prize,賞,stage3
407,enterprise,"事業,企業",stage3
408,specimen,"標本,見本",stage3
409,despise,を蔑む,stage3
410,species,（植物などの）種,stage3
411,transfer,"を移す,を転校させる,を転勤させる",stage3
412,conflict,（意見、利害などの）対立,stage3
413,relieve,"を軽減する,をほっとさせる",stage3
414,remote,遠く離れた,stage3
415,stress,"を力説する,力説,ストレス",stage3
416,distress,苦悩,stage3
417,evaluate,（正しく）を評価する,stage3
418,available,入手可能な,stage3
419,courteous,礼儀正しい,stage3
420,convention,"集会,大会,慣習",stage3
421,conventional,従来の,stage3
422,advent,到来,stage3
423,define,"を明確に規定する,を定義する",stage3
424,infinite,無限の,stage3
425,confine,を閉じ込める,stage3
426,fuss,騒ぎ立てる,stage3
427,candidate,候補,stage3
428,"interact,with",と交流する,stage3
429,element,（基本的で重要な）要素,stage3
430,bury,を埋める,stage3
431,reputation,評判,stage3
432,enormous,（桁外れに）大きい,stage3
433,momentary,瞬間的な,stage3
434,firm,"堅い,固い",stage3
435,confirm,"を確実なものにする,を裏付ける",stage3
436,negotiate,交渉する,stage3
437,neglect,を放置する,stage3
438,routine,日課,stage3
439,solid,"固体,固い",stage3
440,withdraw,"を引き揚げる,を撤回する",stage3
441,outgrow,から脱皮する,stage3
442,overtake,を追い抜く,stage3
443,undertake,"を引き受ける,を始める",stage3
444,politician,政治家,stage3
445,staple,を綴じる,stage3
446,conclude,という結論を出す,stage3
447,include,が含まれている,stage3
448,"exclude,A,from,B",AをBから排除する,stage3
449,inquire,（情報を求めて）尋ねる,stage3
450,contain,（ある有形のモノの中に）が含まれている,stage3
451,"be,content,with",で満足している,stage3
452,nuclear,核の,stage3
453,tidy,（机、部屋、庭、家などが）キチンと片付いた,stage3
454,fulfill,を果たす,stage3
455,pursue,を追い求める,stage3
456,suitable,適した,stage3
457,financial,財政に関わる,stage3
458,abondant,豊富な,stage3
459,severe,ひどい,stage3
460,persevere,（困難にもめげずに）頑張り通す,stage3
461,discipline,"しつけ,（学問の）分野",stage3
462,document,（正式な）文章,stage3
463,doctrine,（宗教上の）教義,stage3
464,"regardless,of",とは無関係に,stage3
465,citizen,"市民,（国政に参与する権利を有する）国民",stage3
466,architecture,建築,stage3
467,duplicate,（鍵、ビデオ）の複製品を作る,stage3
468,masterpiece,傑作,stage3
469,secondhand,中古の,stage3
470,structure,（モノの）構造,stage3
471,construction,建設,stage3
472,industry,工業,stage3
473,intimate,"親しい,詳しい",stage3
474,worth,"の価値がある,価値",stage3
475,worship,"礼拝する,礼拝,崇拝",stage3
476,"be,reluctant,to,V",Vすることに気がすすまない,stage3
477,sentiment,（国民などの）感情,stage3
478,resent,を憤慨する,stage3
479,consent,"承諾,（to~,）承諾する",stage3
480,slave,奴隷,stage3
481,achieve,を達成する,stage3
482,mischievous,いたずらな,stage3
483,acknowledge,（自分の過失などを）認める,stage3
484,ultimate,最終的な,stage3
485,budget,予算,stage3
486,synthetic,合成の,stage3
487,analysis,分析,stage3
488,paralyze,を麻痺させる,stage3
489,loyal,忠実な,stage3
490,property,"財産,特性",stage3
491,assemble,を組み立てる,stage3
492,resemble,に似ている,stage3
493,resume,（中断していたもの）を再開する,stage3
494,presume,（根拠なく）を推定する,stage3
495,"add,A,to,B",AをBに加える,stage3
496,"endow,A,with,B",AにBを授ける,stage3
497,alert,"警戒している,警戒",stage3
498,found,を設立する,stage3
499,profound,（思想、影響力などが）深い,stage3
500,colleague,同僚,stage3
501,"expose,A,to,B",AをBにさらす,stage3
502,"impose,A,on,B",AをBに押しつける,stage3
503,oppose,（計画、案など）に反対する,stage3
504,disposal,（廃棄物などの）処理,stage3
505,fatigue,（過労や運動などによる）疲れ,stage3
506,literally,文字通りに,stage3
507,exhibition,展示会,stage3
508,prohibit,（法律や命令などで公的に）〜を禁じる,stage3
509,compose,を達成する,stage3
510,omit,を省く,stage3
511,commit,を送る,stage3
512,committee,委員会,stage3
513,transmit,（遠くに電波など）を伝える,stage3
514,dismiss,（意見など）を退ける,stage3
515,forbid,を禁止する,stage3
516,scarce,（生活必需品などの供給が一時的に）乏しい,stage3
517,maintain,"を維持する,（that,SVで）を主張する",stage3
518,entertainment,娯楽,stage3
519,obtain,（努力の結果、ある技術を駆使した結果）を得る,stage3
520,retain,（失うことなく）を保持する,stage3
521,exercise,（権利、想像力、権力など）を行使する,stage3
522,manipulate,（世論、株価など）を操作する,stage3
523,manage,"を操る,（to,V）Vをなんとかやり遂げる",stage3
524,misuse,を悪用する,stage3
525,extra,余分な,stage3
526,flexible,柔軟な,stage3
527,reflexes,反射神経,stage3
528,reform,"改善,を改善する",stage3
529,transform,を（大きく）変える,stage3
530,sacrifice,"を犠牲にする,犠牲",stage3
531,sacred,神聖な,stage3
532,illusion,"（主に自分に関する）錯覚,幻想",stage3
533,misleading,誤解を招く,stage3
534,"urge,O,to,V","OにVするように強く言う,（強い）願望",stage3
535,detect,"（臭いなどを）検知する,を見破る",stage3
536,incentive,"褒美,仕事の励みになるもの",stage3
537,"assure,A,of,B",AにBを保証する,stage3
538,reassure,を安心させる,stage3
539,accumulate,（長期にわたり徐々に）を蓄積する,stage3
540,voyage,"（通年長い）船旅,宇宙の旅",stage3
541,expedition,（研究、探求、戦争目的の）長旅,stage3
542,bribe,賄賂,stage3
543,conscience,良心,stage3
544,conscious,"意識のある,分かっている",stage3
545,billion,１０億の,stage3
546,"persist,in",をやり通す,stage3
547,overcome,"（困難、欠陥）を克服する,（敵など）に打ち勝つ",stage3
548,overwhelm,を圧倒する,stage3
549,scenery,（自然の美しい）風景,stage3
550,view,"（モノの）見方,を見る",stage3
551,statistics,統計,stage3
552,digest,（食事、話など）を消化する,stage3
553,exaggerate,を誇張する,stage3
554,suggest,"（比較的軽い気持ちで）を提案する,を示唆する",stage3
555,purify,を浄化する,stage3
556,enthusiasm,情熱,stage3
557,female,女性の,stage3
558,resolve,"を解決する,（to,V）Vすることを決意する",stage3
559,absolutely,絶対に,stage3
560,principal,"主な,校長",stage3
561,glory,栄光,stage3
562,awkward,ぎこちない,stage3
563,envy,について羨ましく思う,stage3
564,democracy,民主主義,stage3
565,aristocracy,貴族,stage3
566,potential,将来〜になるかもしれない（モノ、人）,stage3
567,potent,強力な,stage3
568,foster,（長期にわたってある感情、考え、才能など）を促進する,stage3
569,domestic,"家庭内の,国内の",stage3
570,promote,（平和、競争など）を促進する,stage3
571,prompt,（適切で）速やかな,stage3
572,explore,を探検する,stage3
573,declare,をはっきり述べる,stage3
574,evolution,（生物、コンピューターなどの）進化,stage3
575,isolate,を孤立させる,stage3
576,submit,"を提出する,（to,~）屈する",stage3
577,emit,を放出する,stage3
578,disgust,の気分を著しく害する,stage3
579,mutual,相互の,stage3
580,authority,"権威,（複数形で）当局",stage3
581,substantial,（数量が）かなりの,stage3
582,vehicle,"乗り物,手段",stage3
583,volume,"（全集の）１巻、書物,量、ボリューム",stage3
584,involve,"を巻き込む,を伴う",stage3
585,garbage,（生）ゴミ,stage3
586,diverse,多様な,stage3
587,controversy,（長期にわたる）論争,stage3
588,advertise,の宣伝をする,stage3
589,divorce,離婚,stage3
590,annual,"１年間の,年１回行われる",stage3
591,uniform,均一の,stage3
592,"conform,to",（集団の行動、規則）に従う,stage3
593,ingenious,独創性な,stage3
594,"convince,A,of,B",AにBを確信させる,stage3
595,victim,犠牲者,stage3
596,abolish,を廃止する,stage3
597,adolescence,思春期,stage3
598,adjust,"を調整する,を調節する",stage3
599,justify,を正当化する,stage3
600,jury,"陪審,陪審団",stage3
601,inspire,（人）を奮い立たせる,stage3
602,insight,深く理解していること,stage3
603,consequence,（ある原因に対して必然的に生じる良くない）結果,stage3
604,subsequently,その後,stage3
605,persecute,を迫害する,stage3
606,interpret,"を解釈する,（を）通訳する",stage3
607,site,（ある特別な）土地、現場,stage3
608,molecule,（物理、化学の）分子,stage3
609,adopt,を受け入れる,stage4
610,adequate,十分な,stage4
611,advocate,提唱者,stage4
612,provoke,（ある種の反応や感情や論争）を引き起こす,stage4
613,vocation,天職,stage4
614,immediately,（ある事柄とある事柄が）同時に,stage4
615,dispute,（深刻で長く続く）論争,stage4
616,furious,激怒した,stage4
617,drain,の水を抜く,stage4
618,ignore,（意識的に）を無視する,stage4
619,ignorant,無知な,stage4
620,diagnosis,診察,stage4
621,condemn,を非難する,stage4
622,depress,を落ち込ませる,stage4
623,"the,Arctic",北極,stage4
624,symptom,症状,stage4
625,organism,生き物,stage4
626,layer,層,stage4
627,instruction,指示,stage4
628,instrument,"道具,楽器",stage4
629,invest,を投資する,stage4
630,investigation,"捜査,研究",stage4
631,vanish,（突然よくわからない理由で）消える,stage4
632,vain,虚しい,stage4
633,vast,広大な,stage4
634,vague,（情報不足で）曖昧な,stage4
635,clumsy,（しばしば物を落としたり、物を壊したりするほど）不器用な,stage4
636,counterpart,対応するもの、人,stage4
637,diameter,直径,stage4
638,conductor,導くもの,stage4
639,obligation,"（社会に対する）責務,（個人に対する）恩義",stage4
640,rational,理にかなった,stage4
641,"stem,from",に由来する,stage4
642,"clue,to",の手がかり,stage4
643,disarmament,軍縮,stage4
644,discrimination,"（民族、男女などの）差別,（微妙なものの）識別",stage4
645,violate,（人権、協定など）を侵す,stage4
646,fate,宿命,stage4
647,confess,を白状する,stage4
648,emphasize,を強調する,stage4
649,triumph,"（苦労の末の）勝利,勝利する",stage4
650,infant,幼児,stage4
651,discard,を捨てる,stage4
652,disguise,変装,stage4
653,undo,を元通りにする,stage4
654,comprehend,を（包括的に）理解する,stage4
655,prison,刑務所,stage4
656,prey,餌食,stage4
657,apprehension,懸念,stage4
658,dominate,を支配する,stage4
659,domain,（思想、知恵、活動などの）領域,stage4
660,affluent,裕福な,stage4
661,proceed,前へ進む,stage4
662,procedure,手順、手続き,stage4
663,successive,連続した,stage4
664,seemingly,に思える,stage4
665,reserve,（席、部屋）を予約する,stage4
666,preserve,を保存する,stage4
667,oppress,（残酷に、不当に、人）を圧迫する,stage4
668,suppress,（反乱、暴動、感動）を抑える,stage4
669,embrace,（新しい考え、理論など）を受け入れる,stage4
670,ambiguous,（言葉、発言などが）曖昧な,stage4
671,ambulance,救急車,stage4
672,ambition,野望,stage4
673,tremble,震える,stage4
674,tremendous,（大きさ、速さ、力ず良さなどが）桁違いの,stage4
675,specific,明確かつ具体的な,stage4
676,degree,"（温度、角度、程度などの）度,学位",stage4
677,ruins,"荒廃,遺跡",stage4
678,valid,妥当な,stage4
679,equivalent,同等の,stage4
680,trail,"跡,爪痕",stage4
681,overall,"全てを包む,全体的な",stage4
682,contract,契約（書）,stage4
683,distract,の気を散らす,stage4
684,participate,参加する,stage4
685,anticipate,を予測し備える,stage4
686,emancipate,（奴隷など）を解放する,stage4
687,commerce,商業,stage4
688,upset,（人の気持ち）を動揺させる,stage4
689,indispensable,不可欠な,stage4
690,suspend,を一時的に中断する,stage4
691,"be,concerned,with",に関心を持っている,stage4
692,compensate,補償する,stage4
693,dormitory,寮,stage4
694,soar,急騰する,stage4
695,"subscribe,to",に加入する,stage4
696,prescribe,を処方する,stage4
697,stock,株,stage4
698,exclaim,（突然大声で）叫ぶ,stage4
699,extensive,広範囲な,stage4
700,constitution,憲法,stage4
701,superstition,迷信,stage4
702,institute,（あまり大きくない）研究所,stage4
703,institution,",（無形の）制度,,（有形の）機関",stage4
704,"substitution,A,for,B",Bの代わりにAを用いる,stage4
705,launch,"を開始する,を打ち上げる",stage4
706,abbreviate,を短縮する,stage4
707,destiny,運命,stage4
708,obstinate,頑固な,stage4
709,verify,を立証する,stage4
710,"compel,O,to,(V)",OにVすることを強制する,stage4
711,"expel,A,from,B",AをBから追放する,stage4
712,scream,（興奮して）叫ぶ,stage4
713,result,結果,stage4
714,consult,（専門家など）に相談する,stage4
715,insult,を侮辱する,stage4
716,assault,襲撃,stage4
717,eager,熱心な,stage4
718,stick,"を貼り付ける,張り付いている",stage4
719,stimulate,を刺激する,stage4
720,instinct,本能,stage4
721,extinct,絶滅した,stage4
722,distinguish,を区別する,stage4
723,modest,謙虚な,stage4
724,accommodation,（家、アパート、ホテルなどを総称した）宿泊施設,stage4
725,modify,（改善のため計画や意見など）を修正する,stage4
726,classify,を分類する,stage4
727,exhaust,を疲れ果てさせる,stage4
728,humble,謙虚な,stage4
729,humid,湿気のある,stage4
730,humiliate,に屈辱を与える,stage4
731,manifest,（主に良くないことが）明白な,stage4
732,suicide,自殺,stage4
733,precise,（情報、計算などが）正確な,stage4
734,material,"材料,物質的な",stage4
735,reinforce,を補強する,stage4
736,pregnant,妊娠した,stage4
737,unlike,と違い,stage4
738,friction,摩擦,stage4
739,privilege,特権,stage4
740,legitimate,正当な,stage4
741,novelty,斬新さ,stage4
742,innovation,刷新（的手法）,stage4
743,botany,植物学,stage4
744,era,（他の時代と区別される重要な出来事がある）時代,stage4
745,evade,（責任、税金など）を逃れる,stage4
746,riot,暴動,stage4
747,philosophy,哲学,stage4
748,sophisticated,（人が）洗練された、（モノが）精巧な,stage4
749,endure,（長期にわたり）〜に耐える,stage4
750,approve,承認する,stage4
751,probe,"探査する,詮索する",stage4
752,coordinate,（全体をまとめるよう）を調査する,stage4
753,subordinate,（職場の）部下,stage4
754,ironic,皮肉な,stage4
755,unanimous,満場一致での,stage4
756,struggle,もがきながら進む,stage4
757,strategy,戦略,stage4
758,uneasy,不安な,stage4
759,logically,論理的に,stage4
760,biology,生物学,stage4
761,witness,"目撃者,証人,を目撃する",stage4
762,geology,地質学,stage4
763,comparable,（量や性能などが）匹敵する,stage4
764,spoil,を台無しにする,stage4
765,sanitation,（公衆）衛生,stage4
766,insane,正気でない,stage4
767,virtue,"美徳,利点",stage4
768,respectable,（社会的に）きちとした,stage4
769,inspection,検査,stage4
770,attach,をくっつける,stage4
771,ingredient,"（料理の）材料,（ある事柄の）要因",stage4
772,canal,運河,stage4
773,faithful,（宗教、人、信念などに）忠実な,stage4
774,defy,に（公然と）反抗する,stage4
775,explicit,はっきりとしている,stage4
776,innocent,無実の,stage4
777,nuisance,迷惑になること（もの）,stage4
778,delay,（公共交通手段）を遅らせる,stage4
779,compromise,"妥協,妥協する",stage4
780,vital,極めて重要な,stage4
781,vigorous,元気はつらつとした,stage4
782,distort,を歪める,stage4
783,torture,拷問,stage4
784,anonymous,匿名の,stage4
785,antonym,反意語,stage4
786,renowned,（何かに秀でているために）有名な,stage4
787,nutritious,栄養がある,stage4
788,assimilate,を吸収する,stage4
789,game,（狩猟の）獲物,stage4
790,irrigation,灌漑,stage4
791,yield,"を生み出す,（＋,to）,屈する",stage4
792,supplementary,補助の,stage4
793,permanent,ずっと残っている,stage4
794,stir,"をかき回す,を呼び起こす",stage4
795,framework,枠組み,stage4
796,"correspond,with",と一致する,stage4
797,ban,を（公式に）禁止する,stage4
798,abandon,"（希望、計画）を断念する,（国、車、家族）を置き去りにする",stage4
799,greedy,どん欲な,stage4
800,deliberately,故意に,stage4
801,drag,を引きずっていく,stage4
802,draft,草案,stage4
803,textile,織物,stage4
804,context,"文脈,（できごとなどの）状況",stage4
805,subtle,微妙な,stage4
806,"contrary,to",とは逆に,stage5
807,contradictory,矛盾した,stage5
808,disclose,（情報、身元など）を暴露する,stage5
809,betray,を売り渡す,stage5
810,enhance,をさらに高める,stage5
811,enforce,（法律、規則など）を人に守らせる,stage5
812,enlighten,を説明する,stage5
813,rebel,反逆者,stage5
814,designate,（特別地区などに）を指定する,stage5
815,compassion,（弱者に対する）強い哀れみの情,stage5
816,dictate,（伝統や法則が）を規定している,stage5
817,dedicate,（全身全霊で）を捧げる,stage5
818,addict,を中毒にさせる,stage5
819,cite,（立証のためなどに）を引用する,stage5
820,tragedy,悲劇,stage5
821,demonstrate,（実証することではっきりと）〜を示す,stage5
822,meditate,瞑想する,stage5
823,summon,を召喚する,stage5
824,initiative,主導権,stage5
825,transition,推移,stage5
826,perish,（不慮の事故、災害、戦争などで）死ぬ,stage5
827,abuse,"を乱用する,を虐待する",stage5
828,"intend,to,(V)",Vする意図がある,stage5
829,contend,争う,stage5
830,archeology,考古学,stage5
831,obscure,不鮮明な,stage5
832,oriented,（名詞＋orientedで）〜指向の,stage5
833,vulnerable,すぐに傷つく,stage5
834,plague,（大規模な）疫病,stage5
835,"be,intent,on","に専念している,と決意している",stage5
836,timid,臆病な,stage5
837,"vice,versa",逆もまた真である,stage5
838,underlying,根底にある,stage5
839,astronaut,宇宙飛行士,stage5
840,immortal,不死身の,stage5
841,soak,"（液体に）〜をつける,を浸す",stage5
842,prospect,将来の見込み,stage5
843,perspective,（全体的なものの）見方,stage5
844,conspicuous,目立つ,stage5
845,speculate,（結果がどうなるかを考えるため）憶測する,stage5
846,approximately,おおよそ,stage5
847,imperative,ぜひとも必要な,stage5
848,hollow,中が空洞の,stage5
849,outcome,（会議、交渉、議論、戦争などの最終）結果,stage5
850,"resort,to",に訴える,stage5
851,recession,景気の後退,stage5
852,"A,precede,B",Aの後にBが登場する,stage5
853,exceed,"（数量、限度）を超える,〜より勝る",stage5
854,concede,（公式に自分の非や敗北など）を認める,stage5
855,drastic,抜本的な,stage5
856,diplomatic,外交上の,stage5
857,"comply,with",（規則、法令）を遵守する,stage5
858,compliment,褒め言葉,stage5
859,anthropology,人類学,stage5
860,fierce,どう猛な,stage5
861,solitary,一人の,stage5
862,obsolete,すたれた,stage5
863,linger,"長居する,（病気などが）長引く",stage5
864,longitude,経度,stage5
865,crucial,重大な,stage5
866,possess,（貴重なものや才能など）を所有している,stage5
867,"be,obsessed,with",に取り憑かれている,stage5
868,acute,"（病気が）急性の,（感情などが）強い",stage5
869,vertical,垂直の,stage5
870,contempt,軽蔑,stage5
871,decay,"（モノの）腐敗,腐敗する",stage5
872,interrupt,を中断する,stage5
873,corrupt,（道徳的に）堕落した,stage5
874,bankrupt,破産した,stage5
875,erupt,（火山が）噴火する,stage5
876,abrupt,突然の予期せぬ,stage5
877,scheme,"（公の利益のためになる）計画,たくらみ",stage5
878,conceive,（新しい考えや計画など）を思い浮かべる.（＋of~）思い浮かべる,stage5
879,conceited,うぬぼれている,stage5
880,hinder,を妨げる,stage5
881,inherit,（財産、性質、体質など）を受け継ぐ,stage5
882,inherent,元々ある、固有の,stage5
883,"hesitate,to,(V)",Vすることをためらう,stage5
884,ridiculous,バカげた,stage5
885,monotonous,単調な,stage5
886,monopoly,独占（権）,stage5
887,reconcile,を和解させる,stage5
888,eloquent,雄弁な,stage5
889,intuition,直感,stage5
890,"the,Atlantic",大西洋,stage5
891,whereas,〜だけれど,stage5
892,hypothesis,仮説,stage5
893,optimistic,楽観的な,stage5
894,pessimistic,悲観的な,stage5
895,impair,（資格、聴力、思考力など）を低下させる,stage5
896,arbitrary,独断な,stage5
897,"cling,to",〜にくっつく,stage5
898,inevitable,避けられない,stage5
899,lament,を悼む,stage5
900,generate,を生み出す,stage5
901,generous,気前が良い,stage5
902,spontaneous,自然（発生的）な,stage5
903,illustrate,（具体例を挙げて）を説明する,stage5
904,conservative,保守的な,stage5
905,incident,（通例主要な出来事に関連して起きる付随的な）出来事,stage5
906,"coincide,with",と同時に起きる,stage5
907,"be,preoccupied,with",で頭がいっぱいだ,stage5
908,hostile,敵意のある,stage5
909,hospitality,（客に対する）もてなし,stage5
910,restrain,を制御する,stage5
911,irrelevant,無関係な,stage5
912,transplant,を移植する,stage5
913,primitive,原始的な,stage5
914,juvenile,青少年の,stage5
915,flourish,（比較的な意味で）花開く,stage5
916,calamity,災難,stage5
917,prosperity,繁栄,stage5
918,despair,絶望,stage5
919,tedious,（ダラダラと続いて）退屈な,stage5
920,inhabitant,住民,stage5
921,"refrain,from",を控える,stage5
922,"adhere,to",（規則、主義など）を固く守る,stage5
923,coherent,（話や文章の）論旨が一貫している,stage5
924,hierarchy,階層構造,stage5
925,obstacle,障害,stage5
926,agony,（激しい）苦痛,stage5
927,arrogant,傲慢な,stage5
928,soothing,心を落ち着かせる,stage5
929,prevail,（考え、知らせ等が）普及する,stage5
930,conquer,を征服する,stage5
931,"A,confront,B",AがBに立ちはだかる,stage5
932,astonish,（ひどく）を驚かせる,stage5
933,diminish,減少する,stage5
934,nourish,に繁栄を与える,stage5
935,miserable,惨めな,stage5
936,tolerate,（相手の過失や物事、人）を大目に見る,stage5
937,circulate,循環する,stage5
938,calculate,（高度で複雑な数学を用いて正確に）を計算する,stage5
939,eliminate,（不必要なもの）を排除する,stage5
940,contemplate,（深く、真剣に）を熟考する,stage5
941,feature,（特に目立つ）特徴、特集,stage5
942,feat,偉業,stage5
943,breakthrough,（学問上の）重大な発見,stage5
944,coward,臆病者,stage5
945,complex,（様々な要素を含んで）複雑な,stage5
946,perplex,を戸惑わせる,stage5
947,descend,（飛行機などが）降下する,stage5
948,shortcoming,（人、モノの）欠点,stage5
949,ambassador,大使,stage5
950,applause,拍手,stage5
951,explode,爆発する,stage5
952,perpetual,間断ない,stage5
953,embody,（思想、原理など）を具体的に示す,stage5
954,cherish,を大切にする,stage5
955,absurd,バカげている,stage5
956,encyclopedia,百科事典,stage5
957,formula,（数学、化学の）公式、式,stage5
958,numerous,多くの,stage5
959,multiply,"増大する,をかなり増やす",stage5
960,cease,を止める,stage5
961,adore,を熱愛している,stage5
962,"endeavor,to,(V)",Vすることを大いに努力する,stage5
963,analogy,類似性,stage5
964,threat,脅威,stage5
965,offspring,（人間、動物の）子孫,stage5
966,particle,粒子,stage5
967,dignity,威厳,stage5
968,remedy,"（ちょっとした病気の）治療薬,治療法",stage5
969,assert,と断定する,stage5
970,peculiar,独特な,stage5
971,cultivate,を耕す,stage5
972,patriotic,愛国心が強い,stage5
973,famine,飢饉,stage5
974,exploit,（資源、エネルギー、可能性など）を徹底的に利用する,stage5
975,undergo,を経験する,stage5
976,collapse,崩壊する,stage5
977,swallow,（考えなど）を鵜呑みにする,stage5
978,contaminate,（化学物質や放射線や毒で）を汚染する,stage5
979,integral,不可欠な,stage5
980,surrender,"降参する,（力に屈して）を捨てる",stage5
981,decent,（ある基準を満たすような）まともな,stage5
982,dialect,方言,stage5
983,pastime,娯楽,stage5
984,scatter,をばらまく,stage5
985,degrade,の品位を下げる,stage5
986,deteriorate,悪化する,stage5
987,tyranny,暴政,stage5
988,savage,"非人道的な,容赦ない",stage5
989,orbit,（惑星などの周回）軌道,stage5
990,ardent,（ある活動などに）熱狂的な,stage5
991,prudent,（将来の危険を回避することができるほど）賢明な,stage5
992,restrict,（数量、範囲）を制限する,stage5
993,prestige,威信,stage5
994,fragment,破片,stage5
995,"plunge,into",に突っ込む,stage5
996,reckless,無謀な,stage5
997,penetrate,を貫通する,stage5
998,scrutinize,（人、モノ）を徹底的に調査する,stage5
999,grace,優雅さ,stage5
1000,gratitude,感謝,stage5