No,英語,日本語,単元
1,wolf,オオカミ
2,bark,ほえる
3,nest,巣
4,raise,を育てる
5,rear,を育てる
6,lift,を(持ち)上げる
7,breed,を育てる
8,female,雌(の)
9,birth,誕生
10,dawn,始まり
11,dig,掘る
12,hole,穴
13,gap,割れ目
14,within,の内部に
15,inside,の中に[へ;の]
16,while,する間に
17,hunt,狩る
18,instead,その代わりに
19,behind,(の)後ろに
20,guard,を守る
21,history,歴史(学)
22,tie,きずな
23,bond,きずな
24,rope,なわ
25,culture,文化
26,cultivate,を養う
27,plant,植物
28,lawn,芝生
29,bush,低木
30,bamboo,竹
31,biology,生物学
32,unique,特有の
33,peculiar,特有の
34,matter,問題
35,taste,味
36,flavor,風味
37,cause,を引き起こす
38,persuade,を説得する
39,fact,事実
40,treat,を処理する
41,pick,摘む
42,physical,身体の
43,manual,手の
44,gesture,身ぶり
45,meaning,意味
46,misunderstanding,誤解
47,signal,合図
48,embarrass,を当惑させる
49,foreign,外国の
50,alien,外国(人)の
51,exotic,異国風の
52,overseas,海外の
53,domestic,国内の
54,refugee,難民
55,count,を数える
56,counterpart,(対の)片方
57,numerous,多数の
58,calculate,を計算する
59,index,索引
60,common,普通の
61,familiar,(人に)なじみのある
62,mutual,共通の
63,puzzle,を困らせる
64,reply,答える
65,role,役割
66,roll,転がる
67,healthy,健康な
68,mammal,哺乳動物
69,produce,を生産する
70,reproduce,を再生する
71,suffer,苦しむ
72,lack,不足
73,however,しかし
74,nevertheless,それにもかかわらず
75,nonetheless,それにもかかわらず
76,whenever,...する時はいつも
77,wherever,...するところではどこでも
78,whatever,...することは何でも
79,ape,類人猿
80,primate,霊長類の動物
81,mark,印
82,target,的
83,skin,皮膚
84,tooth,歯
85,decay,腐る
86,area,部分
87,bleed,出血する
88,plenty,たくさん
89,fresh,新鮮な
90,chimpanzee,チンパンジー
91,cattle,ウシ
92,deer,シカ
93,rat,ネズミ
94,sheep,ヒツジ
95,dolphin,イルカ
96,whale,クジラ
97,shark,サメ
98,dinosaur,恐竜
99,drug,薬
100,abuse,を乱用する
101,amount,量
102,sum,合計
103,mind,精神
104,definition,定義
105,separate,を分ける
106,split,を分ける
107,extract,を抽出する
108,isolate,を孤立させる
109,interval,間隔
110,usually,たいてい
111,unusual,普通でない
112,poison,毒(物)
113,carefully,注意深く
114,control,を制御する
115,discipline,を訓練する
116,punish,を罰する
117,penalty,罰(金)
118,alcohol,アルコール
119,pub,居酒屋
120,smoke,煙
121,cigarette,(紙)巻きタバコ
122,instance,実例
123,instant,即刻の
124,depend,～次第である
125,steal,を盗む
126,rob,から奪い取る
127,deprive,から奪う
128,strip,を奪う
129,thief,泥棒
130,theft,窃盗(罪)
131,murder,殺人(事件)
132,suicide,自殺
133,aware,気づいて
134,conscious,気づいて
135,liquid,液体(の)
136,solid,固体
137,melt,溶ける
138,dirt,汚れ
139,mud,泥
140,clay,粘土
141,bacteria,細菌
142,sense,感覚
143,rough,ざらざらした
144,approximately,おおよそ
145,mild,穏やか
146,gentle,優しい
147,smooth,なめらかな
148,surface,表面
149,determine,を決定する
150,identify,を特定する
151,pale,青白い
152,state,状態
153,federal,連邦の
154,sweat,汗をかく
155,stress,ストレス
156,convenient,都合のよい
157,though,...にもかかわらず
158,discrimination,差別
159,bias,偏見
160,prejudice,偏見
161,stereotype,固定観念
162,reason,理由
163,logic,論理(学)
164,rational,理性的な
165,past,過去
166,quite,かなり
167,pretty,かなり
168,expensive,高価な
169,precious,貴重な
170,cheap,安い
171,rich,裕福な
172,abundant,豊富な
173,poor,貧しい
174,afford,余裕がある
175,wealthy,裕福な
176,servant,召使い
177,slave,奴隷
178,master,主人
179,dress,に衣服を着せる
180,regard,AをBとみなす
181,symbol,象徴
182,power,力
183,dye,染料
184,elegant,優雅な
185,polite,礼儀正しい
186,rude,粗雑な
187,ancient,古代の
188,coast,海岸
189,shore,岸
190,bay,入江
191,Mediterranean,地中海の
192,discover,を発見する
193,shell,(貝)殻
194,unlike,と異なって
195,contact,接触
196,let,Aが...するのを許す
197,smell,のにおいをかぐ
198,ocean,大洋
199,Atlantic,大西洋の
200,Pacific,太平洋の
201,island,島
202,reef,岩礁
203,effective,効果的な
204,efficient,効率的な
205,mask,を隠す
206,feeling,感情
207,claim,を主張する
208,'false,うその
209,fake,偽物(の)
210,muscle,筋肉
211,surround,を囲む
212,cheek,ほお
213,pull,引く
214,lip,唇
215,cosmetic,化粧(用)の
216,upward,上に向かって
217,forward,前に
218,perhaps,ひょっとすると
219,less,より少なく[い]
220,least,最小[少](の)
221,temperature,温度
222,seem,思われる
223,describe,を言い表す
224,respond,反応する
225,correspond,文通する
226,greet,にあいさつをする
227,bow,おじぎ(する)
228,simple,単純な
229,complicated,複雑な
230,complex,複雑な
231,nerve,神経
232,neuron,神経単位
233,react,反応する
234,chemical,化学物質[製品]
235,rise,上昇
236,climb,登る(こと)
237,soar,急上昇する
238,expression,表現
239,facial,顔の
240,therefore,したがって
241,safety,安全(性)
242,security,安全
243,danger,危険
244,endangered,絶滅の危機に瀕した
245,threat,脅威
246,lock,錠(をかける)
247,police,警察
248,farming,農業
249,peasant,小作農
250,soil,土(壌)
251,probably,おそらく
252,style,形式
253,protect,を保護する
254,defend,守る
255,prevent,を防ぐ
256,agricultural,農業の
257,license,を許可する
258,pass,合格する
259,quantity,量
260,cost,犠牲
261,charge,料金
262,pollution,汚染
263,agree,...であることに同意する
264,approve,賛成[同意]する
265,nod,うなずく
266,price,値段
267,fee,料金
268,fare,運賃
269,bill,請求書
270,tax,税(金)
271,budget,予算
272,pay,を支払う
273,salary,給料
274,wage,賃金
275,owe,に借金がある
276,debt,借金(状態)
277,loan,借金
278,due,払われるべき
279,mathematics,数学
280,statistics,統計(学)
281,rapidly,急激に
282,slow,遅い
283,Europe,ヨーロッパ
284,north,北(部)(の)
285,south,南(部)(の)
286,industrial,産業の
287,factory,工場
288,lazy,怠け者の
289,revolution,革命
290,pioneer,開拓者
291,growth,発展
292,century,世紀
293,mostly,主に
294,astronomy,天文学
295,satellite,(人工)衛星
296,launch,を打ち上げる
297,concept,概念
298,notion,考え
299,equation,方程式
300,equivalent,同等の
301,method,方法
302,manner,方法
303,medium,手段
304,unfortunately,残念なことに
305,miserable,惨めな
306,critical,批判的な
307,attitude,態度
308,turn,変わる[える]
309,bend,曲がる
310,curve,曲線(を描く)
311,switch,変える
312,basic,基礎の
313,part,部分
314,department,部門
315,arrival,到着
316,content,中身
317,cell,細胞
318,tissue,組織
319,human,人間の
320,humor,ユーモア
321,mankind,人類
322,fisherman,漁師
323,glass,ガラス
324,grass,(牧)草
325,tube,管
326,end,端
327,edge,端
328,tip,先(端)
329,toward,の方へ
330,alongside,のそば[横]に(沿って)
331,researcher,研究者
332,scholar,学者
333,variation,変異
334,diverse,さまざまな
335,particular,特定の
336,suggest,を示す
337,hint,それとなく言う
338,advise,に忠告[助言]する
339,pupil,瞳
340,tongue,舌
341,chest,胸
342,lung,肺
343,stomach,胃
344,palm,手のひら
345,thumb,親指
346,knee,ひざ
347,expert,専門家
348,ratio,割合
349,proportion,割合
350,completely,完全に
351,total,まったくの
352,utter,まったくの
353,immune,免疫の[がある]
354,virus,ウイルス
355,infect,に感染[伝染]する
356,rest,残り
357,refresh,を元気づける
358,entirely,まったく
359,absolutely,まったく
360,slight,わずかな
361,subtle,微妙な
362,enormous,莫大な
363,tremendous,ものすごい
364,college,(単科)大学
365,length,長さ
366,span,長さ
367,meanwhile,一方では
368,monitor,(監視)モニター
369,exactly,ちょうど
370,originally,元来は
371,ancestor,先祖
372,consider,AをBとみなす
373,frequently,頻繁に
374,certain,ある特定の～
375,ensure,を確実にする
376,assure,(人)に保証する
377,reassure,を安心させる
378,guarantee,を保証する
379,region,地域
380,geographical,地理的な
381,list,リスト[一覧表]
382,verb,動詞
383,oral,口頭での
384,linguistic,言語(学)の
385,form,形(態)
386,casual,何気ない
387,compound,複合の
388,huge,膨大な
389,giant,巨大な
390,massive,巨大な
391,technical,専門の
392,scientific,科学の
393,term,(専門)用語
394,semester,学期
395,finally,とうとう
396,ultimate,究極の
397,initial,初めの
398,add,を加える
399,extra,追加の
400,spare,余分の
401,create,を創造する
402,constantly,絶えず
403,nature,性質
404,innate,先天的な
405,rainforest,(熱帯)雨林
406,frustrate,をいらいらさせる
407,offer,を提供する
408,superstition,迷信
409,religion,信仰
410,heaven,天国
411,ethnic,民族の
412,folk,民族の
413,tribe,種族
414,ceremony,(儀)式
415,funeral,葬式
416,belief,信仰
417,optimism,楽観主義
418,medieval,中世の
419,pure,純粋な
420,refine,を洗練する
421,spirit,霊
422,soul,魂
423,ghost,幽霊
424,celebration,祝賀(会)
425,fortune,運
426,destiny,運命
427,luck,(幸)運
428,married,結婚している
429,marriage,結婚
430,ring,(指)輪
431,wish,願う
432,pray,祈る
433,fertility,多産
434,prosperity,繁栄
435,flourish,栄える
436,ritual,(宗教的)儀式
437,reflect,反映する
438,mirror,鏡
439,contemporary,現代の
440,incorporate,を取り[組み]入れる
441,combine,を組み合わせる
442,integrate,を統合する
443,value,価値観
444,evaluate,を評価する
445,treasure,を大事にする
446,worth,価値
447,deserve,に値する
448,realize,を悟る
449,perceive,を理解[知覚]する
450,relieve,を取り除く
451,skill,技能
452,jump,跳ぶ
453,leap,跳ぶ
454,bound,跳ぶように走る
455,barrier,障害(物)
456,obstacle,障害(物)
457,block,障害物
458,hurt,にけがをさせる
459,offend,の気分を害する
460,damage,に損害を与える
461,wound,を傷つける
462,insult,を侮辱する
463,social,社会の
464,interaction,(人との)交流
465,bite,かむ(こと)
466,angry,怒って
467,mad,怒っている
468,annoy,をいらいらさせる
469,irritate,をいらいらさせる
470,order,命令
471,mess,散らかっている状態
472,present,現在の
473,absent,欠席して
474,space,空間
475,release,を放つ
476,energy,エネルギー
477,solar,太陽の
478,nuclear,原子力の
479,radiation,放射(線)
480,mental,精神的な
481,yell,大声で叫ぶ
482,necessary,必要な
483,doubtful,疑わしい
484,whether,(...する)かどうか
485,concern,を心配させる
486,sympathy,思いやり
487,increasingly,ますます
488,decrease,減少する
489,competitive,競争の
490,generally,一般的に
491,tend,(...する)傾向がある
492,activity,活動
493,passive,受動的な
494,adult,大人
495,childhood,子供時代
496,infant,(乳)幼児
497,mature,成熟[長]した
498,parental,親の
499,harmony,調和
500,friendship,友人関係
501,tune,調和
502,rhythm,リズム
503,suitable,適切な
504,decent,きちんとした
505,purpose,目的
506,aim,目的
507,destination,目的地
508,goal,目標
509,mission,(特別)任務
510,proper,適切な
511,estate,財産
512,environment,(自然)環境
513,circumstance,状況
514,ecological,生態学の
515,ecosystem,生態系
516,debate,論争
517,dispute,討論
518,controversy,論争
519,invent,を発明する
520,similar,似通った
521,alike,同様の[に]
522,parallel,類似の
523,resemble,に似ている
524,stuff,を詰め込む
525,staff,職員
526,version,～版
527,set,を設定する
528,involve,を含む
529,belong,所属している
530,hit,たたく
531,beat,たたく
532,knock,(戸を)たたく
533,tap,軽くたたく(音)
534,leather,革製の
535,fur,毛
536,feather,羽
537,honor,名誉
538,international,国際的な
539,emperor,皇帝
540,empire,帝国
541,kingdom,王国
542,royal,国王の
543,spread,を広げる
544,expand,を拡大する
545,scatter,をまき散らす
546,prevail,普及する
547,accumulate,蓄積する
548,dense,密集した
549,popularity,人気
550,possible,あり得る
551,prospect,見込み
552,British,イギリス人
553,violent,暴力的な
554,fierce,激しい
555,peaceful,平和(的)な
556,injury,負傷
557,scratch,ひっかき傷
558,strain,を痛める
559,death,死(亡)
560,alive,生きて
561,vivid,生き生きした
562,fatal,致命的な
563,series,連続
564,sequence,連続
565,string,ひと続き
566,chain,連鎖
567,row,(横の)列
568,rule,規則
569,principle,原理
570,dominate,支配する
571,university,(総合)大学
572,campus,構内
573,forbid,を禁じる
574,develop,発達する
575,exploit,を開発する
576,Dutch,オランダ人[語]
577,Egypt,エジプト
578,Greece,ギリシャ
579,Ireland,アイルランド
580,Latin,ラテン語
581,Mexico,メキシコ
582,Russian,ロシア人[語]
583,extremely,非常に
584,excessive,過度の
585,declare,を明言する
586,announce,を発表する
587,planet,地球
588,bat,コウモリ
589,bee,ハチ
590,insect,昆虫
591,ant,アリ
592,mosquito,蚊
593,ceiling,天井
594,roof,屋根
595,seed,種
596,flight,飛行
597,aircraft,航空機
598,airline,定期航空路
599,laboratory,研究室
600,institute,(工科)大学
601,facility,施設
602,spot,点
603,location,場所
604,site,敷地
605,precisely,正確に
606,neat,的確な
607,tidy,整然とした
608,military,軍隊[軍人]の
609,device,装置
610,earthquake,地震
611,shake,揺れる
612,zone,区域
613,mine,鉱山
614,crystal,結晶(の)
615,volcano,火山
616,weapon,武器
617,gun,拳銃
618,bomb,爆弾
619,terrorism,テロ(リズム)
620,manipulate,を操る
621,field,場
622,sphere,領域
623,ground,地面
624,underground,地下の[に;で]
625,frame,枠
626,structure,構造
627,trigger,を誘発する
628,function,機能する
629,dozen,ダース[12個](の)
630,load,を装着する
631,pile,積み重ねる[なる]
632,burden,重荷
633,permit,を可能にする
634,excellent,非常に優れた
635,prominent,卓越した
636,noble,気高い
637,lord,貴族
638,detect,を検出する
639,trace,(形)跡
640,wind,風
641,top,頂上
642,bottom,底
643,system,体系
644,democracy,民主主義(国)
645,devote,を充てる
646,loyalty,忠誠
647,contribute,貢献する
648,image,画像
649,fancy,空想
650,photo,写真
651,statue,像
652,data,情報
653,boil,を煮る
654,burn,焼く[焼ける]
655,command,命令
656,blame,を非難する
657,accuse,を訴える
658,condemn,を責める
659,forgive,を許す
660,apologize,謝る
661,so-called,いわゆる
662,hypothesis,仮説
663,premise,前提
664,assume,と思い込む[仮定する]
665,risk,危険(性)
666,dare,あえて[大胆にも]...する
667,nowadays,この頃
668,bathe,入浴する[させる]
669,sink,沈む
670,float,浮く
671,drift,漂う
672,dust,ほこり
673,substance,物質
674,trend,傾向
675,encounter,に(偶然)出くわす
676,resistant,耐性のある
677,share,を共有する
678,wide,広い
679,widespread,広範囲にわたる
680,narrow,狭い
681,range,範囲
682,realm,領域
683,territory,領土
684,district,地域
685,prefecture,都
686,province,州
687,income,収入
688,level,水準
689,horizon,地[水]平線
690,education,教育
691,thus,このように(して)
692,hence,したがって
693,victim,被害者
694,sacrifice,犠牲(的行為)
695,prey,獲物
696,satisfy,を満たす
697,requirement,必要条件
698,enjoyment,楽しみ
699,joy,喜び
700,pleasure,楽しみ
701,delight,大きな喜び
702,pleasant,楽しい
703,latest,最新[最近]の
704,advance,進歩
705,proceed,進む
706,sophisticated,洗練された
707,retreat,後退
708,publish,を発表する
709,journal,(定期刊行)雑誌
710,translation,翻訳(書)
711,accuracy,正確さ
712,random,無作為の
713,keen,熱心な
714,crazy,夢中である
715,nation,国家
716,citizen,市民
717,political,政治(上)の
718,mayor,市長
719,current,現在の
720,affair,問題
721,deliver,を伝える
722,distribute,を分配する
723,post,を投函する
724,address,住所
725,literature,文学
726,literal,文字通りの
727,literacy,読み書きの能力
728,imply,を意味[暗示]する
729,metaphor,隠喩
730,enter,に入る
731,inevitably,必然的に
732,intellectual,知的な
733,brilliant,優れた
734,urge,欲望
735,impulse,衝動
736,drive,を駆り立てる
737,mention,について言う[書く]
738,refer,言及する
739,comment,論評する
740,remark,感想
741,pronounce,を発音する
742,accent,なまり
743,dialect,方言
744,repeat,繰り返す
745,grammar,文法
746,vocabulary,語彙
747,talent,才能(ある人々)
748,genius,天才
749,gift,才能
750,faculty,能力
751,eager,熱心な
752,curiosity,好奇心
753,imitate,をまねる
754,memory,記憶(力)
755,monument,記念碑
756,respect,を尊敬する
757,admire,を賞賛する
758,praise,を賞賛する
759,discuss,について話し合う
760,conversation,会話
761,panel,出演者
762,studio,スタジオ
763,settle,落ち着く
764,animation,アニメ(製作)
765,refuse,を拒絶する
766,beast,獣
767,beauty,美人
768,invite,を招待する
769,crowd,群衆
770,burst,破裂[突発](する)
771,explode,爆発する
772,crack,割れる[割る]
773,shout,大声で言う
774,exclaim,(突然)叫ぶ
775,whisper,ささやく
776,replace,に取って代わる
777,alter,を変える
778,substitute,を代わりに使う
779,force,Aに無理やり...させる
780,compel,Aに...することを強いる
781,impose,を課す
782,bully,をいじめる
783,army,軍隊
784,marine,海軍(の)
785,soldier,(陸軍の)軍人
786,draw,絵[線]を描く
787,portray,を描く
788,drag,(重い物)を引きずる
789,recent,最近の
790,interview,インタビュー(する)
791,recall,を思い出す
792,demand,を要求する
793,hesitate,ためらう
794,pause,ちょっと止める
795,dislike,を嫌う
796,hate,を憎む
797,concentrate,専念[集中]する
798,meditation,瞑想
799,abandon,を(見)捨てる
800,desert,を(見)捨てる
801,quit,をやめる
802,tradition,伝統
803,convention,慣習
804,heritage,伝統
805,legend,伝説
806,rival,競争相手
807,short,不足の
808,shrink,縮む
809,famine,不足
810,classic,傑作
811,classify,を分類する
812,rank,を位置づける
813,status,地位
814,ladder,はしご
815,decision,決定
816,resolve,決心する
817,film,映画
818,return,を戻す
819,glory,栄光
820,pride,誇り
821,shame,恥
822,pity,哀れみ
823,success,成功
824,triumph,勝利
825,feed,を養う
826,theme,主題
827,division,部門
828,category,範疇
829,section,部分
830,restore,を回復させる
831,profit,利益
832,invest,投資する
833,essential,不可欠の
834,crucial,決定的な
835,indispensable,不可欠な
836,reputation,名声
837,fame,名声
838,although,...だが
839,appear,...と思われる
840,perform,(仕事など)を行う
841,behavior,行動
842,lie,横たわっている
843,lay,を置く
844,ray,光線
845,exhaust,を疲れ果てさせる
846,capture,(人・動物)を捕らえる
847,grab,をつかむ
848,seize,をつかむ
849,arrest,を逮捕する
850,cage,かご
851,plate,皿
852,recipe,調理法
853,dish,皿
854,handle,取っ手
855,furthermore,さらに
856,moreover,さらに
857,besides,さらに
858,tail,しっぽ
859,tale,話
860,eventually,結局
861,intimate,親しい
862,channel,経路
863,tide,潮(の干満)
864,trap,を閉じこめる
865,beneath,の下に
866,beyond,を越えて
867,onto,の上へ
868,above,上(方)に
869,construction,建設
870,architecture,建築(学)
871,consist,成る
872,composition,構成
873,collapse,崩壊(する)
874,throughout,通して
875,rescue,救助
876,save,を救う
877,remove,を取り除く
878,eliminate,を取り除く
879,exclude,を除外する
880,withdraw,を引っ込める
881,ton,トン
882,twist,をより合わせる
883,steel,鋼鉄
884,crush,を押しつぶす
885,defeat,失敗(させる)
886,overcome,を克服する
887,conquer,を征服する
888,overwhelm,を圧倒する
889,yield,屈する
890,surrender,降伏する
891,crash,衝突する
892,stranger,知らない人
893,neighbor,近所の人
894,unknown,未知の(人；もの)
895,sex,性(別)
896,gender,性(差)
897,surgery,手術
898,lower,を下げる
899,upper,上部の
900,suspect,だと思う
901,hide,を隠す
902,bury,を埋める
903,remind,(人)に思い出させる
904,request,依頼
905,appeal,懇願する
906,own,自分自身の
907,possess,を所有している
908,comfort,快適さ
909,harsh,厳しい
910,relax,をくつろがせる
911,calm,落ち着いた
912,breathe,呼吸する
913,blow,息を吐く
914,sigh,ため息(をつく)
915,yawn,あくび(をする)
916,tense,緊張した
917,elevator,エレベーター
918,shoulder,肩
919,accept,を受け入れる
920,obey,に従う
921,close,接近した
922,nearby,近くの
923,complaint,不平
924,nowhere,どこにも...ない
925,somewhere,どこかで[へ]
926,elsewhere,どこか他のところに
927,somehow,なんとかして
928,anyway,とにかく
929,anymore,もはや
930,jam,を詰め込む
931,cram,をぎっしり詰める
932,subway,地下鉄
933,anthropologist,人類学者
934,pack,を詰める
935,wrap,を包む
936,fold,を包む
937,public,公共の
938,avoid,を避ける
939,escape,逃げる
940,except,を除いて(は)
941,pursuit,仕事
942,chase,追跡(する)
943,entertainment,娯楽
944,amusement,娯楽
945,attraction,魅力
946,charm,魅力
947,bore,を退屈させる
948,dull,退屈な
949,compare,匹敵する
950,sufficient,十分な
951,adequate,十分な
952,modest,控えめな
953,subject,主題
954,text,本文
955,manuscript,原稿
956,source,情報源
957,resource,資源
958,capital,資本(金)
959,sheet,１枚の紙
960,means,手段
961,via,を経由して
962,convey,を伝える
963,transmit,を送る
964,shift,を変える
965,transition,移り変わり
966,novel,小説
967,poem,(１遍の)詩
968,poet,詩人
969,plot,(物語などの)筋
970,hero,英雄
971,bible,聖書
972,incredible,素晴らしい
973,grant,を認める
974,admit,認める
975,undergo,を経験する
976,evolution,進化(論)
977,craft,技術
978,print,を印刷する
979,available,手に入る
980,author,著者
981,authority,権威
982,council,議会
983,obtain,を入手する
984,acquire,を手に入れる
985,earn,を得る
986,tool,道具
987,implement,道具
988,instrument,器具
989,permanent,永久の
990,temporary,一時的な
991,leisure,暇
992,recreation,レクリエーション
993,electric,電気の
994,battery,電池
995,wire,針金
996,apart,離れて
997,flat,平らな
998,aside,わきに
999,major,重大な
1000,chief,主要な
1001,primary,主要な
1002,principal,主要な
1003,shock,衝撃
1004,thrill,ぞくぞくする[させる]
1005,divorce,離婚
1006,weak,弱い
1007,minor,それほど重要でない
1008,illness,病気
1009,symptom,徴候
1010,indeed,実際は
1011,emphasize,を強調する
1012,exaggerate,を誇張する
1013,associate,を結び付ける
1014,upset,をあわてさせる
1015,spill,をこぼす
1016,investigate,を調査する
1017,inquire,(事を)尋ねる
1018,painful,つらい
1019,sorrow,(深い)悲しみ
1020,personally,個人的に
1021,private,個人の
1022,secret,秘密
1023,disturb,を不安にする
1024,distress,苦悩
1025,interfere,妨げとなる
1026,interrupt,さえぎる
1027,topic,話題
1028,period,期間
1029,cycle,周期
1030,spell,(語)をつづる
1031,afterward(s),後で
1032,choose,選ぶ
1033,select,を選ぶ
1034,appoint,を指名する
1035,reveal,を明らかにする
1036,confess,白状する
1037,conceal,を隠す
1038,inner,内部の
1039,outer,外側の
1040,external,外(側)の
1041,interior,内部の
1042,internal,内部の
1043,everyday,日常の
1044,exercise,課題
1045,movement,運動(団体)
1046,mobile,動きやすい
1047,highly,非常に
1048,depth,深さ
1049,include,を含む
1050,embrace,を含む
1051,lonely,孤独の
1052,immediately,即座に
1053,sample,サンプル
1054,evidence,形跡
1055,clue,手がかり
1056,witness,目撃者
1057,improve,を改良する[させる]
1058,progress,前進する
1059,reform,を改善[改革]する
1060,resistance,抵抗(力)
1061,fight,戦う
1062,battle,戦う
1063,conflict,対立する
1064,sensitivity,感じやすさ
1065,delicate,繊細な
1066,invade,に侵入する
1067,continue,続く
1068,individual,個人
1069,propose,を提案する
1070,project,を計画する
1071,introduce,を導入する
1072,failure,失敗
1073,regret,後悔(する)
1074,silence,沈黙
1075,interest,利益
1076,aggressive,攻撃的な
1077,attack,攻撃
1078,hostile,敵意[反感]を持った
1079,kick,蹴る(こと)
1080,clothes,衣服
1081,laundry,洗濯(物)
1082,needle,針
1083,reduction,減少
1084,diminish,減少する(させる)
1085,discount,割引(率)
1086,helpful,親切な
1087,useless,役に立たない
1088,selfish,利己的な
1089,youth,若者
1090,expose,をさらす
1091,shelter,を保護する
1092,male,男性(の)
1093,prefer,を好む
1094,shoot,撃つ
1095,adventure,冒険
1096,venture,冒険(的事業)
1097,expedition,遠征
1098,strategy,戦略
1099,survey,調査
1100,profile,の概略を示す
1101,board,板
1102,sail,航行する
1103,electronic,電子(工学)の
1104,automatic,自動の
1105,digital,デジタル(式)の
1106,opportunity,機会
1107,occasion,機会
1108,chance,機会
1109,career,職業
1110,sale,販売
1111,retail,小売り
1112,note,に言及する
1113,cash,現金
1114,purse,財布
1115,wallet,札入れ
1116,communication,伝達
1117,chat,おしゃべり
1118,cooperation,協力
1119,joint,共同の
1120,rather,むしろ
1121,billion,10億
1122,indication,兆候
1123,engage,を引きつける
1124,contract,を契約する
1125,promise,約束する
1126,frontier,未開拓分野
1127,border,境界
1128,boundary,境界(線)
1129,transfer,を移動させる
1130,transplant,を移動させる
1131,fascinate,を魅了する
1132,innovative,革新的な
1133,conclude,と結論づける
1134,deliberately,故意に
1135,aspect,側面
1136,phase,側面
1137,dimension,局面
1138,truth,真実
1139,genuine,本物の
1140,fiction,作り話
1141,myth,作り話
1142,deceive,をだます
1143,cheat,をだます
1144,pretend,ふりをする
1145,intend,...するつもりだ
1146,information,情報
1147,warning,警告
1148,impression,印象
1149,acquaintance,知人
1150,dollar,ドル
1151,fantastic,すてきな
1152,illusion,幻想
1153,fairy,妖精
1154,lovely,すてきな
1155,grand,壮大な
1156,ugly,醜い
1157,awful,恐ろしい
1158,terrible,ひどい
1159,badly,まずく
1160,store,店
1161,grocery,日用雑貨
1162,purchase,を買う
1163,lend,を貸す
1164,rent,を賃貸[借]する
1165,specific,特定の
1166,clearly,明かに
1167,obviously,明らかに
1168,plain,明白な
1169,vague,あいまいな
1170,likely,ありそうな
1171,candidate,候補(者)
1172,campaign,運動
1173,trick,をだます
1174,vote,投票(する)
1175,govern,を統治する
1176,administration,政権
1177,minister,大臣
1178,priest,聖職者
1179,gain,を手に入れる
1180,office,地位
1181,workplace,仕事場
1182,workforce,総労働人口
1183,branch,支店
1184,clerk,事務員
1185,election,選挙
1186,race,競争
1187,rush,急いで行く
1188,athlete,運動選手
1189,subsequent,続いて起こる
1190,advertising,宣伝[広告]
1191,commercial,コマーシャル
1192,honest,正直な
1193,frank,率直な
1194,ironic,皮肉な
1195,paradox,矛盾
1196,illegal,違法の
1197,law,法(律)
1198,code,規定
1199,service,サービス
1200,consequently,その結果
1201,recommend,を推薦する
1202,counsel,に助言する
1203,cure,を治療する
1204,therapy,治療
1205,corporation,株式会社
1206,approach,取り組み(方)
1207,positive,よい
1208,negative,悪い
1209,quick,素早い
1210,willing,...する気がある
1211,reluctant,気の進まない
1212,responsibility,責任
1213,undertake,を引き受ける
1214,commit,関わる
1215,crime,犯罪
1216,guilty,罪悪感を覚える
1217,innocent,無罪の
1218,position,立場
1219,pose,をもたらす
1220,opinion,意見
1221,difficulty,困難(さ)
1222,ease,容易さ
1223,flexible,柔軟な
1224,rigid,堅い
1225,view,見解
1226,perspective,観点
1227,landscape,風景(画)
1228,scene,光景
1229,arise,起きる
1230,derive,由来する
1231,stem,生じる
1232,lead,通じる
1233,guide,案内する
1234,delay,遅延
1235,postpone,を延期する
1236,prolong,を延長する
1237,highlight,を強調する
1238,shadow,影
1239,shade,(物)陰
1240,clever,利口な
1241,decade,10年間
1242,millennium,千年(祭)
1243,railroad,鉄道(線路)
1244,railway,鉄道
1245,vital,不可欠な
1246,center,中心
1247,core,中心
1248,reverse,を逆にする
1249,automobile,自動車
1250,wheel,ハンドル
1251,countryside,地方
1252,rural,田舎の
1253,urban,都市[会]の
1254,downtown,町の中心街
1255,suburb,郊外
1256,largely,ほとんど
1257,mainly,主として
1258,sweep,一掃(する)
1259,miss,を逃がす
1260,loss,紛失
1261,remain,依然...のままである
1262,stick,固執する
1263,archaeologist,考古学者
1264,desire,欲望
1265,ambition,熱望
1266,appetite,欲求
1267,hunger,渇望
1268,employment,雇用
1269,employee,従業員
1270,hire,を雇う
1271,dismiss,を解雇する
1272,retire,退職[引退]する
1273,able,...することができる
1274,capable,...できる
1275,disability,障がい
1276,deaf,耳が聞こえない
1277,enable,...できるようにする
1278,fulfill,(要求など)を満たす
1279,economic,経済(学)の
1280,financial,財政の
1281,bank,銀行
1282,luxury,ぜいたく(品)
1283,commodity,日用品
1284,goods,商品
1285,appreciate,の真価を認める
1286,regular,定期的な
1287,customer,顧客
1288,accustomed,慣れている
1289,hospitality,もてなし
1290,warmth,温かさ
1291,deny,を否定する
1292,contradiction,否定
1293,stare,じっと見る(こと)
1294,gaze,見つめる(こと)
1295,glance,ちらりと見る(こと)
1296,proof,証拠
1297,whole,全体の
1298,check,クローク[預かり所]
1299,instinct,本能
1300,follow,に従う
1301,precede,より先に起こる
1302,display,を表す
1303,exhibit,を展示する
1304,gallery,画廊
1305,appropriate,適切な
1306,judge,を判断する
1307,ridiculous,ばかげた
1308,absurd,ばかげた
1309,silly,愚かな
1310,stupid,ばかな
1311,fool,愚か者
1312,evil,害悪
1313,vice,悪(徳)
1314,moral,道徳規範
1315,ethic,道徳
1316,stock,株式
1317,reserve,蓄え
1318,exist,存在する
1319,fashion,流行
1320,boom,大流行
1321,management,経営(者)
1322,boss,社長
1323,executive,(経営)幹部
1324,president,社長
1325,hobby,趣味
1326,justice,正義
1327,court,法廷
1328,trial,裁判
1329,prison,刑務所
1330,psychologist,心理学者
1331,philosopher,哲学者
1332,influence,に影響を及ぼす
1333,peer,同僚
1334,pressure,圧力
1335,suppress,を鎮圧する
1336,depress,を落胆させる
1337,recession,不況
1338,participant,参加者
1339,correct,正しい
1340,revise,を変更する
1341,editor,編集者
1342,task,課題
1343,duty,任務
1344,assignment,任務
1345,challenge,挑戦
1346,obligation,義務
1347,match,と調和する
1348,suppose,と考える
1349,wild,荒野
1350,wildlife,野生生物
1351,survival,生き残ること
1352,flee,逃げる
1353,confront,に立ち向かう
1354,sight,見ること
1355,insight,洞察(力)
1356,differently,異なって
1357,otherwise,別なふうに
1358,gene,遺伝子
1359,inherent,固有の
1360,descend,由来する
1361,offspring,子(孫)
1362,directly,直接に
1363,copy,模倣する
1364,pattern,様式
1365,model,模型
1366,root,定着して
1367,trunk,幹
1368,wood,木材
1369,timber,材木
1370,log,丸太
1371,local,地元の
1372,native,出生地の
1373,comedy,喜劇
1374,tragedy,悲劇
1375,drama,ドラマ
1376,theater,劇場
1377,insert,を挿入する
1378,penetrate,通る
1379,laugh,笑う
1380,moment,時
1381,encourage,を(...するように)促す
1382,courage,勇気
1383,brave,勇敢な
1384,bold,大胆な
1385,cheer,を励ます
1386,audience,視聴者
1387,guest,招待客
1388,passenger,乗客
1389,client,依頼人
1390,pop,飛び出る
1391,chip,薄切り
1392,sort,種類
1393,species,種(類)
1394,detail,細部
1395,collect,を集める
1396,gather,集まる[集める]
1397,assemble,集まる
1398,session,集まり
1399,conference,会議
1400,habit,習慣
1401,addiction,中毒
1402,habitat,(動物の)生息地
1403,resident,住民
1404,whereas,(その)一方で
1405,sacred,神聖な
1406,ideal,理想的な
1407,romantic,空想的な
1408,fit,合う
1409,swallow,飲み込む
1410,pound,ポンド
1411,pond,池
1412,business,商売
1413,prize,賞(品)
1414,reward,報酬
1415,award,賞(金)
1416,favorite,お気に入りの(もの)
1417,beg,懇願する
1418,brush,ブラシ
1419,polish,を磨く
1420,shine,を磨く
1421,apply,を塗る
1422,affect,に影響する
1423,medical,医学の
1424,clinical,臨床の
1425,clone,を作る
1426,relate,を関連づける
1427,grandparent,祖父[母]
1428,cousin,いとこ
1429,twin,双子の一方
1430,relevant,関連がある
1431,ordinary,普通の
1432,odd,奇妙な
1433,opponent,反対者
1434,object,反対する
1435,insist,主張する
1436,assert,を断言[主張]する
1437,destroy,を破壊する
1438,ruin,を破滅させる
1439,spoil,を台なしにする
1440,extinct,絶滅した
1441,tear,を裂く
1442,stage,段階
1443,reliable,信頼できる
1444,low,低い
1445,fear,恐れる
1446,frighten,を怖がらせる
1447,scare,をおびえさせる
1448,attempt,試み
1449,superior,優れた
1450,inferior,劣った
1451,fever,熱
1452,headache,頭痛(の種)
1453,stroke,(脳)卒中
1454,flu,インフルエンザ
1455,obesity,(病的)肥満
1456,overweight,太りすぎの
1457,fat,太っている
1458,lean,やせた
1459,thin,薄い
1460,thick,(分)厚い
1461,support,を支持する
1462,argue,主張する
1463,patient,患者
1464,reject,を拒絶する
1465,practically,ほとんど
1466,receive,を受け取る
1467,inherit,受け継ぐ
1468,ban,を禁止する
1469,limit,を制限する
1470,confine,を制限する
1471,restrict,を制限する
1472,promote,を促進する
1473,boost,を高める(こと)
1474,foster,を促進する
1475,maintain,を主張する
1476,retain,を保つ
1477,sustain,を持続させる
1478,freedom,自由
1479,liberty,自由
1480,generous,寛大な
1481,seek,を探し求める
1482,consult,を調べる
1483,unless,...でない限り
1484,harmful,害のある
1485,issue,問題(点)
1486,article,記事
1487,item,１項目
1488,organization,組織(化)
1489,preparation,準備
1490,arrangement,手配
1491,smart,頭のよい
1492,wise,賢い
1493,crop,作物
1494,harvest,収穫(物；期)
1495,grain,穀物
1496,wheat,小麦
1497,provide,を提供する
1498,supply,供給(量)
1499,equipment,装備
1500,serious,重大な
1501,grave,重大な
1502,disease,病気
1503,cancer,がん
1504,policy,政策
1505,age,年齢
1506,era,時代
1507,diet,食事
1508,parliament,議会
1509,shape,状態
1510,global,世界的な
1511,worldwide,世界的な
1512,nutrition,栄養(物；摂取)
1513,protein,タンパク質
1514,fundamental,基本的な
1515,radical,根本的な
1516,access,利用権
1517,case,症例
1518,deal,程度
1519,negotiate,交渉する
1520,cope,うまく処理する
1521,bear,に耐える
1522,endure,に耐える
1523,compromise,妥協(する)
1524,handful,１つかみの量の...
1525,nobody,誰も...ない
1526,impact,影響
1527,iron,鉄
1528,bit,少し
1529,tiny,とても小さい
1530,somewhat,いくぶん
1531,meal,食事
1532,consume,を消費する
1533,somebody,誰か
1534,benefit,恩恵
1535,well-being,福利
1536,welfare,福祉(事業)
1537,intense,強烈な
1538,assistant,助手
1539,aid,支援
1540,professor,教授
1541,specialist,専門家
1542,marketing,マーケティング
1543,finding,発見(物)
1544,colleague,同僚
1545,fellow,仲間
1546,enemy,敵(軍)
1547,guy,やつ
1548,flood,あふれる
1549,pour,を注ぐ
1550,flow,流れる
1551,slide,すべる(こと)
1552,stream,小川
1553,canal,運河
1554,glacier,氷河
1555,fountain,噴水
1556,piece,１つの...
1557,portion,部分
1558,manufacturer,製造業者[メーカー]
1559,company,会社
1560,mate,仲間
1561,accompany,に同行する
1562,enterprise,企業
1563,brand,ブランド
1564,emerge,明らかになる
1565,knowledge,知識
1566,examine,を調べる
1567,scan,細かく調べる
1568,despite,にもかかわらず
1569,importance,重要性
1570,significance,意義
1571,quality,質
1572,title,肩書
1573,lesson,教訓
1574,lecture,講義
1575,essay,レポート
1576,preserve,を維持する
1577,conservation,(資源)保護
1578,according,一致して
1579,committee,委員会
1580,average,平均
1581,maximum,最大限(の)
1582,minimum,最低限(の)
1583,daily,日常(の)
1584,annual,年１回の
1585,last,最後の
1586,persist,いつまでも続く
1587,steady,一定の
1588,stable,安定した
1589,decline,減少
1590,option,選択肢
1591,adopt,を採用する
1592,kid,子供
1593,kindergarten,幼稚園
1594,schedule,スケジュール
1595,routine,日課
1596,scheme,計画
1597,teenager,１０代の若者
1598,single,まさに
1599,sole,唯一の
1600,mere,単なる
1601,factor,要因
1602,element,要素
1603,predict,を予言[予測]する
1604,forecast,(天気)を予報する
1605,achievement,学業(成績)
1606,accomplish,を成し遂げる
1607,attain,を成し遂げる
1608,score,得点
1609,far,大いに
1610,worship,礼拝する
1611,art,芸術(作品)
1612,nearly,ほとんど
1613,adolescent,青年
1614,cite,を引用する
1615,quote,を引用する
1616,poll,世論調査
1617,pole,棒
1618,rate,を評価する
1619,pace,歩調
1620,enough,十分な
1621,wonder,不思議
1622,miracle,奇跡
1623,wander,歩き回る
1624,distant,遠い
1625,remote,遠く離れた
1626,middle,中央(の)
1627,vast,膨大な
1628,travel,旅行する
1629,journey,旅行
1630,tour,(観光)旅行
1631,voyage,船旅(をする)
1632,migration,移住
1633,immigration,移住
1634,resort,行楽地
1635,mile,マイル
1636,acre,エーカー
1637,yard,ヤード
1638,inch,インチ
1639,road,道路
1640,route,道(筋)
1641,highway,幹線道路
1642,avenue,街路
1643,path,小道
1644,sidewalk,歩道
1645,cross,横切る
1646,reach,に着く
1647,extensive,広範囲の
1648,stretch,を(引き)伸ばす
1649,weight,重量
1650,measure,測る
1651,greenhouse,温室
1652,gas,ガス
1653,hybrid,混成の
1654,pump,を排出する
1655,atmosphere,大気
1656,hemisphere,半球
1657,fuel,燃料
1658,coal,石炭
1659,fossil,化石(の)
1660,acid,酸
1661,carbon,炭素
1662,emission,放出(量)
1663,trash,ゴミ
1664,garbage,ゴミ
1665,waste,浪費
1666,illustrate,を説明する
1667,protest,抗議
1668,inspire,を鼓舞する
1669,stimulate,を刺激する
1670,excite,を興奮させる
1671,prompt,を刺激する
1672,motivate,(人)に動機を与える
1673,incentive,誘因
1674,flash,(機知などの)ひらめき
1675,panic,大混乱
1676,per,～につき
1677,cent,(単位としての)100
1678,shelf,棚
1679,furniture,家具
1680,empty,空になる
1681,blank,空(白)の
1682,estimate,を見積もる
1683,assess,を評価[判断]する
1684,account,占める
1685,constitute,を構成する
1686,trade,貿易
1687,exchange,を交換する
1688,merchant,商人
1689,population,人口
1690,climate,気候
1691,tropical,熱帯の
1692,quarter,4分の1
1693,import,を輸入する
1694,export,を輸出する
1695,port,港(町)
1696,transport,を輸送する
1697,vehicle,乗り物
1698,calorie,カロリー
1699,west,西(部)(の)
1700,east,東(部)(の)
1701,continent,大陸
1702,cave,洞くつ
1703,peak,峰
1704,valley,谷(間)
1705,demonstrate,を証明する
1706,confirm,を立証する
1707,severe,過酷な
1708,tight,厳しい
1709,firm,断固とした
1710,bitter,痛烈な
1711,strict,厳格な
1712,tough,困難な
1713,freeze,凍る
1714,air,空気
1715,broadcast,放送(番組)
1716,experiment,実験(する)
1717,expect,を予期する
1718,sudden,突然の
1719,anticipate,を予想する
1720,contrary,反対の
1721,actually,実は
1722,mystery,不思議
1723,solve,を解決する
1724,phenomenon,現象
1725,observe,を観察する
1726,attention,注目
1727,alert,油断のない
1728,awake,目覚めて
1729,asleep,眠って
1730,instruct,に指示する
1731,allow,Aが...するのに任せる
1732,surprise,驚き
1733,alarm,恐れ
1734,amaze,をとても驚かせる
1735,astonish,を(ひどく)驚かせる
1736,startle,をびっくりさせる
1737,mistake,を間違える
1738,fault,誤り
1739,error,誤り
1740,convince,(人)を確信[納得]させる
1741,accidental,偶然の
1742,traffic,交通(量)
1743,disaster,(大)災害
1744,insurance,保険
1745,theory,理論
1746,academy,高等教育機関
1747,fill,を満たす
1748,occupy,を占める
1749,normal,標準の
1750,standard,標準の
1751,refrigerator,冷蔵庫
1752,notice,に気づく
1753,overlook,を見落とす
1754,neither,どちらも...(し)ない人[物]
1755,nor,Sもまた...ない
1756,occur,起こる
1757,incident,出来事
1758,strike,の心に浮かぶ
1759,several,いくつかの
1760,multiple,多様な
1761,fairly,かなり
1762,steam,蒸気
1763,disappear,消える
1764,fade,(色などが)あせる
1765,vanish,(突然)消える
1766,volume,量
1767,conduct,を行う
1768,attribute,を(～に)帰する
1769,feature,特徴
1770,trait,特色
1771,hydrogen,水素
1772,oxygen,酸素
1773,molecule,分子
1774,atom,原子
1775,particle,微粒子
1776,fragment,破片
1777,result,終わる
1778,contain,を含む
1779,accommodate,を収容する
1780,condition,条件
1781,none,どれも[誰も]...ない
1782,universal,普遍的な
1783,confuse,を当惑させる
1784,dedicate,をささげる
1785,grade,学年
1786,graduate,卒業する
1787,undergraduate,大学生
1788,paragraph,段落
1789,type,タイプ
1790,comprehend,を理解する
1791,grasp,を把握する
1792,absorb,を理解する
1793,elaborate,詳しく述べる
1794,material,資料
1795,component,(構成)要素
1796,ingredient,材料
1797,raw,生の
1798,rubber,ゴム
1799,plastic,プラスチック(の)
1800,discourage,を落胆させる
1801,disappoint,を失望させる
1802,tempt,(人)を誘惑する
1803,foundation,基礎
1804,establish,を設立する
1805,chore,退屈な仕事
1806,household,家(事)の
1807,lifetime,一生
1808,lifestyle,ライフスタイル
1809,visual,視覚の
1810,visible,(目に)見える
1811,vision,視力
1812,prior,前の
1813,previous,前の
1814,former,前(者)の
1815,latter,後者の
1816,enhance,を高める
1817,focus,を集中させる
1818,distinguish,区別する
1819,contrast,を対比する
1820,track,を追う
1821,trail,を追跡する
1822,overall,全体の
1823,trouble,困ること
1824,bother,悩む[ます]
1825,phrase,句
1826,proverb,ことわざ
1827,sentence,文
1828,usage,語法
1829,ahead,前方へ[に]
1830,forth,前へ
1831,aloud,声に出して
1832,fix,を修理する
1833,repair,を修理[修復]する
1834,virtually,ほとんど
1835,engineering,工学(技術)
1836,mechanic,機械工
1837,machinery,機械(装置)
1838,figure,と思う
1839,chart,図(表)
1840,square,正方形
1841,circle,円
1842,column,円柱
1843,operate,を操作する
1844,anxious,心配して
1845,intelligent,知能の高い
1846,sharp,利口な
1847,profound,(学識が)深遠な
1848,shallow,浅はかな
1849,scream,金切り声を出す
1850,situation,状況
1851,context,背景
1852,explain,説明する
1853,justify,を弁明する
1854,recognition,認識
1855,acknowledge,を認める
1856,cognitive,認識[認知]の
1857,interpretation,解釈
1858,technology,科学技術
1859,brain,脳
1860,mood,気分
1861,tone,口調
1862,emotion,感情
1863,enthusiasm,熱中
1864,passion,情熱
1865,adapt,適応する
1866,adjust,を適合させる
1867,modify,を修正する
1868,convert,を変える
1869,transform,を変化[変形]させる
1870,advantage,利点
1871,merit,長所
1872,virtue,長所
1873,privilege,特権(階級)
1874,web,ウェブ
1875,network,ネットワーク
1876,online,オンラインの[で]
1877,search,捜す
1878,generate,を生み出す
1879,character,(登場)人物
1880,design,を設計する
1881,analyze,を分析する
1882,review,を批評する
1883,background,経歴
1884,explore,探求する
1885,representation,表現[描写]
1886,agent,代行業者
1887,perfect,完全な
1888,abstract,抽象的な
1889,concrete,コンクリート
1890,angle,観点
1891,dot,点
1892,slope,坂
1893,senior,上位の
1894,broad,広範囲に及ぶ
1895,tackle,に取り組む
1896,struggle,苦闘する
1897,strive,努力する
1898,effort,努力
1899,degree,学位
1900,scale,段階
1901,neglect,軽視
1902,link,関連(性)
1903,connect,をつなぐ[関連づける]
1904,attach,を(貼り)つける
1905,hang,(服など)をつるす
1906,brief,短時間の
1907,heal,を治す[癒やす]
1908,recover,回復する
1909,rarely,めったに...(し)ない
1910,seldom,めったに...(し)ない
1911,scarce,不足して
1912,hardly,ほとんど...ない
1913,barely,かろうじて(...する)
1914,desperate,絶望的な
1915,outcome,結果
1916,outline,概略
1917,output,出力
1918,ignore,を無視する
1919,faith,信頼
1920,trust,信頼
1921,confidence,自信
1922,shy,内気な
1923,modern,現代の
1924,civil,文明化された
1925,primitive,原始的な
1926,old-fashioned,時代[流行]遅れの
1927,potential,潜在的な
1928,strength,強さ
1929,reinforce,を強化する
1930,elderly,年配の
1931,record,を記録する
1932,document,を記録する
1933,register,を記録する
1934,file,ファイル
1935,community,地域社会[共同体]
1936,colony,群棲[群生]
1937,epidemic,伝染病
1938,altogether,完全に
1939,cast,を投げ(かけ)る
1940,shed,(光など)を当てる